"","target","Commercial_Construction_2017","Commercial_Construction_Permitted_Units_2016","Commercial_Construction_2015","Commercial_Construction_Permitted_Units_2015","Commercial_Construction_2013","Commercial_Construction_Permitted_Units_2013","Grocery_Proximate_Units_2018","Grocery_Proximate_Units_2016","Pharmacy_Proximate_Units_2016","New_Residential_Permit_Units_2016","New_Residential_2014"
"1",0.16,1.95,18,12.16,50,2.19,9,349,205,18,4,0.49
"2",0.708571428571428,14.27,142,8.56,99,12.11,140,4611,3113,4320,422,64.79
"3",-0.0142857142857143,0.3,3,0,0,0.3,1,67,52,60,4,1.52
"4",-0.00857142857142857,6.58,25,6.58,11,0.6,1,24,43,170,0,0
"5",0.0914285714285715,3.22,4,1.49,6,1.74,7,411,548,701,1,0
"6",-0.0457142857142857,8.03,30,6.02,33,3.83,21,183,200,157,4,0.73
"7",0.04,0.34,1,0.5,3,0.5,3,151,135,327,0,1.01
"8",-0.0342857142857143,1.07,3,0,0,1.07,1,282,246,304,12,8.51
"9",0.1,0.73,10,1.09,6,1.09,6,1036,1246,1365,10,1.45
"10",0.134285714285714,3.53,33,4.51,23,1.76,9,745,767,571,9,2.94
"11",-0.691428571428571,2.52,7,3.15,5,0.63,1,0,0,1257,0,0
"12",0.117142857142857,1.75,11,96.85,443,2.4,11,258,0,435,1,1.75
"13",0.0314285714285714,1.15,2,0.23,1,1.15,5,960,1010,1010,0,0
"14",0.0228571428571429,0.87,0,0.58,4,0.14,1,0,0,0,3,0.72
"15",0.0342857142857143,1.52,14,0.41,3,0.41,3,333,344,1422,0,0
"16",0.0314285714285714,7.77,36,9.02,36,15.53,62,1081,1009,1083,0,0
"17",0.0857142857142857,2.08,17,1.86,17,1.21,11,533,0,532,1,1.21
"18",0.234285714285714,7.64,11,2.23,7,1.59,5,0,0,0,1,1.91
"19",0.297142857142857,30.23,1,12.09,34,2.85,8,0,0,0,2,0
"20",-1.44,2.22,1,1.11,2,2.22,4,0,0,147,0,0
"21",-0.0942857142857143,0.15,1,0.15,1,0,0,0,296,296,11,1.53
"22",0.0371428571428571,0,1,0.18,2,0,0,140,136,0,11,0
"23",0.0171428571428572,0.31,0,0.62,2,0,0,673,674,674,0,0
"24",0.151428571428572,3.61,3,6.18,12,6.7,13,319,342,511,4,3.61
"25",-0.0828571428571429,0.24,1,0,0,0.24,1,0,0,0,1,0
"26",0.282857142857143,7.34,32,3.15,15,10.49,50,613,275,511,42,20.34
"27",0.96,61.04,12,9.21,8,12.67,11,220,220,220,0,0
"28",0.22,0.39,0,1.93,5,0,0,390,391,587,0,0
"29",-0.551428571428572,0.43,5,0.11,1,0.22,2,244,261,292,9,0.86
"30",0.0371428571428571,0.48,4,0,0,0.31,7,0,0,0,87,6.06
"31",0.00857142857142857,0.34,5,0.67,4,1.85,11,443,393,393,3,0.84
"32",0.0885714285714286,2.47,0,3.29,8,1.64,4,0,99,34,6,1.23
"33",0.271428571428571,1.49,37,1.38,26,1.06,20,332,271,216,0,0
"34",0.0314285714285714,0,1,0.15,1,0.15,1,108,112,0,8,1.79
"35",0.0457142857142857,1.15,1,1.15,4,0,0,805,767,930,18,1.15
"36",0.0885714285714286,0.32,30,4.47,14,1.92,6,198,338,354,0,0
"37",0.0857142857142857,0.85,4,0.57,2,33.78,119,28,46,46,0,0
"38",-0.137142857142857,0.84,1,6.7,24,0.56,2,390,403,403,1,1.12
"39",0.00285714285714279,0.9,1,2.69,6,1.34,3,0,2,2,1,2.69
"40",0.0428571428571429,2.49,9,2,19,0,0,44,0,39,202,3.57
"41",-0.0571428571428571,5.74,4,3.59,5,0.72,1,595,639,639,0,0
"42",0.0228571428571429,0,6,0.21,4,0.11,2,105,109,0,0,0
"43",-0.1,0.08,0,0,0,0.08,1,0,0,0,0,1.25
"44",0.0228571428571429,0.37,11,0.75,2,1.49,4,735,784,727,0,0
"45",0.24,2.48,8,4.97,14,1.06,3,0,0,0,1,12.41
"46",-0.0257142857142857,2.39,14,4.59,23,9.97,50,0,0,207,0,6.79
"47",0.0771428571428571,0.69,4,2.52,11,1.14,5,388,295,309,0,0
"48",-0.0857142857142857,2.16,26,0.84,7,1.08,9,41,5,5,1,0
"49",0.331428571428571,0.18,3,1.63,9,0.9,5,85,30,41,1,0.36
"50",0.214285714285714,1.7,6,2.39,7,3.41,10,301,337,348,0,0
"51",-0.162857142857143,1.79,5,2.98,5,4.77,8,0,0,0,0,0
"52",9.70341540760254e-18,0.46,3,5.03,11,0.92,2,260,398,432,0,0
"53",0.571428571428572,0,0,0.29,1,11.03,38,280,238,680,0,0
"54",0.0142857142857143,2.37,27,1.25,10,0.5,4,0,0,1000,0,57.8
"55",0.0285714285714286,0.33,2,0.33,1,0,0,0,3,37,0,0
"56",-0.18,0,0,0,0,0,0,0,0,0,1,0.34
"57",0.185714285714286,2.36,7,8.39,32,3.15,12,1312,794,613,0,32.46
"58",-0.108571428571429,1.39,11,1.11,4,1.39,5,0,0,0,0,0
"59",0.385714285714286,7.34,27,6.02,22,10.67,39,1353,1353,751,0,0
"60",0.0257142857142857,0,1,0,0,1.01,1,0,0,0,0,0
"61",0.08,1.84,4,2.11,8,3.42,13,555,564,482,3,1.58
"62",0.202857142857143,2.03,5,0.68,2,2.37,7,211,355,344,0,0
"63",0.0371428571428571,0,0,0.84,3,2.25,8,880,537,854,0,0
"64",0.302857142857143,2.15,39,0.69,8,1.81,21,676,549,443,54,13.33
"65",-0.14,0.39,12,0.44,18,0.25,10,51,67,19,28,0.49
"66",0.282857142857143,1.5,19,11.49,23,3.5,7,508,512,512,0,0
"67",0.0457142857142857,3.79,4,0,0,0,0,743,708,706,3,13.57
"68",0.0142857142857143,0.15,11,0.62,8,0.15,2,17,3,36,0,5.86
"69",0.0828571428571429,0.88,5,0.1,1,0.58,6,1215,1220,1316,0,0.68
"70",0.12,2.68,22,4.12,26,0.95,6,264,264,373,0,2.06
"71",0.0114285714285714,105.28,0,4.1,3,5.47,4,679,518,518,0,0
"72",0,0.87,8,1.02,7,0,0,0,0,0,0,0
"73",-0.18,0,5,1.03,2,0,0,16,11,253,0,6.74
"74",0.0742857142857143,1.34,5,0.79,3,0.53,2,589,524,524,1,55.26
"75",0.0228571428571429,0,1,0.13,3,0,0,0,0,0,1,0.08
"76",0.02,0.28,3,0.4,10,0.12,3,0,0,37,12,0.04
"77",0.14,0.73,1,0,0,0.73,2,239,276,286,0,0.36
"78",-0.02,41.39,81,134.25,133,0,0,11,0,678,0,35.35
"79",0.0142857142857143,0,0,0.42,1,0,0,0,302,227,0,0
"80",0.0257142857142857,0,1,0.8,2,0.8,2,534,51,529,0,0
"81",-0.177142857142857,0,1,0,0,0.71,2,0,0,0,0,0
"82",0.651428571428571,6.25,14,7.41,20,5.56,15,1476,1220,1344,0,16.3
"83",0.0714285714285714,2.9,25,4.78,28,1.54,9,620,620,620,0,0
"84",0.188571428571429,3.39,34,5.19,23,4.73,21,406,420,413,0,0
"85",0.294285714285714,0.83,12,1.66,12,1.38,10,288,812,900,40,11.07
"86",0.0371428571428571,0.36,1,0.37,2,0.18,1,218,66,66,33,0
"87",0.02,0.12,0,0,0,0,0,9,9,10,105,2.37
"88",0.171428571428571,1.26,0,0.25,1,1.26,5,0,0,0,0,0.25
"89",0.134285714285714,0.56,4,0.97,7,0.7,5,247,283,161,0,0
"90",0.0714285714285714,0,1,1.58,2,13.44,17,0,0,0,0,0
"91",0,1.52,24,0,0,0,0,347,269,77,0,0.51
"92",-0.157142857142857,1.49,3,0,0,0,0,0,0,0,0,0
"93",0.0285714285714286,0.9,2,7.22,16,0.45,1,111,0,40,170,64.41
"94",0.202857142857143,3.29,12,5.27,8,6.59,10,722,722,366,0,0
"95",0.174285714285714,1.25,3,0.62,1,0,0,0,416,416,0,0
"96",0.0171428571428572,0.17,0,1.05,6,0.7,4,0,0,0,0,0
"97",0.0142857142857143,0.14,2,0.07,1,0.07,1,246,251,251,2,0.07
"98",0,0,0,0,0,0,0,0,0,0,22,2.15
"99",0.0171428571428571,0,2,0.15,2,0.15,2,0,0,0,20,2.25
"100",0.16,0.3,10,0.92,6,1.22,8,0,0,0,0,0.31
"101",0.137142857142857,1.26,31,1.28,47,1.78,65,1017,796,906,40,1.37
"102",-0.02,0.2,5,0.1,1,0.1,1,318,318,318,34,3.74
"103",0.0228571428571429,0.63,1,0,0,0.31,1,0,0,0,0,2.5
"104",0.06,0,5,0.29,3,0,0,127,127,117,0,0
"105",0.0428571428571428,0.26,2,0.78,3,0.52,2,0,0,0,3,0.78
"106",-0.162857142857143,0.65,4,0.22,1,3.46,16,38,1,1,0,0.22
"107",0.26,3.67,11,1.84,13,2.83,20,734,826,635,0,0
"108",0.105714285714286,0.88,14,1.18,12,0.88,9,0,211,0,17,1.27
"109",0.0285714285714286,9.96,1,2.85,4,0,0,1,0,0,62,34.75
"110",-0.0171428571428572,0.45,2,0.89,4,0.67,3,162,650,267,0,0
"111",0,1.12,1,0,0,0.37,1,27,80,480,0,0
"112",-0.288571428571429,1.24,1,0,0,0,0,110,200,235,0,0
"113",0,0.03,2,0.08,3,0.14,5,0,0,0,39,0.17
"114",-0.0142857142857143,0,1,0.74,2,0,0,0,136,136,0,8.89
"115",0.105714285714286,5.04,5,2.52,4,1.26,2,275,578,174,1,1.89
"116",-0.0171428571428571,0.87,0,0,0,0,0,0,168,449,0,0
"117",-0.631428571428571,5.66,2,1.42,2,3.54,5,0,0,555,0,0
"118",-0.00857142857142858,0.15,1,0.15,1,0.15,1,80,26,26,8,2.32
"119",0.0714285714285714,0,2,0.47,3,0.63,4,93,90,125,0,0
"120",0.185714285714286,2.21,7,1.03,7,3.96,27,0,0,335,0,0
"121",0.0428571428571429,1.58,10,1.81,8,3.17,14,186,533,1299,5,0
"122",-0.0114285714285714,1.37,1,0,0,0.34,1,80,56,61,6,0.68
"123",-0.0228571428571429,4.89,12,0,0,0,0,509,502,502,5,6.5
"124",0.142857142857143,0.19,6,0,0,1.15,6,18,51,35,1,0
"125",0.188571428571429,0,6,0.23,1,0.69,3,365,411,411,0,0
"126",0.0257142857142857,0.17,4,0.17,1,0,0,0,465,483,18,0.17
"127",0.14,2.17,11,3.26,9,1.81,5,0,151,162,0,0.36
"128",0.0457142857142857,0.72,0,0.18,1,0.18,1,100,70,55,0,0
"129",0.117142857142857,1.31,8,3.37,18,0.75,4,148,0,0,13,0.37
"130",0.22,0.86,9,0.98,8,1.11,9,537,553,234,3,0.12
"131",0.0628571428571429,0.55,26,0.96,7,0,0,486,535,549,0,0.14
"132",0.0228571428571429,0.88,8,0.8,10,0,0,386,53,119,14,1.77
"133",-0.317142857142857,4.37,12,2.97,17,1.22,7,197,214,0,1,0
"134",0.0457142857142857,0.41,14,1.39,17,0.41,5,0,0,0,15,0.08
"135",0.0514285714285714,1.23,4,0.82,4,0.61,3,0,0,0,5,1.02
"136",-0.0142857142857143,0.77,7,1.16,9,0.64,5,0,0,0,0,0
"137",-0.0142857142857143,0.68,5,2.04,6,1.7,5,0,0,0,13,4.42
"138",0.1,0.54,3,0.54,2,0.27,1,223,142,330,0,0
"139",4.66571428571428,23.55,26,12.06,21,8.61,15,719,491,528,21,119.54
"140",0.151428571428571,2.34,39,8.88,57,2.34,15,1648,1568,1225,2,0.31
"141",-0.162857142857143,9.79,0,0,0,0.54,1,0,260,260,1,0
"142",0.0685714285714286,0.44,1,0.44,1,0.44,1,0,91,101,1,0
"143",0.0371428571428571,0.41,2,0.41,1,15.94,39,0,0,11,0,102.86
"144",0.0457142857142857,1.68,10,0.21,1,0.84,4,82,215,215,3,0
"145",-0.277142857142857,5.59,17,4.89,14,4.54,13,436,314,367,0,39.51
"146",0.151428571428571,1.91,7,1.06,10,0.53,5,72,499,430,6,0.21
"147",-0.14,1.32,1,0.26,1,0.26,1,0,0,74,1,3.95
"148",0.0257142857142857,1.2,52,1.2,38,0.41,13,17,0,181,1,0.03
"149",0.0571428571428571,0.38,0,0,0,0.38,2,0,0,0,4,0
"150",0.0371428571428572,0,1,0.21,1,0,0,306,175,326,2,0.21
"151",0.757142857142857,3.7,59,3.96,80,3.76,76,0,0,287,221,0
"152",0.0371428571428571,0.2,5,0.4,2,0.8,4,163,91,158,9,0.6
"153",0.02,0.67,12,1,3,0,0,0,0,22,0,3.34
"154",0.0514285714285714,0.1,6,0.1,1,0.29,3,560,567,574,0,0.59
"155",0.242857142857143,4.13,21,5.05,11,4.13,9,0,0,0,0,0
"156",-0.182857142857143,0.45,0,49.31,110,0,0,51,51,57,0,0.45
"157",0.0971428571428572,0.43,1,0.43,1,0,0,234,274,586,17,2.99
"158",-0.248571428571429,205.17,77,5.36,7,3.06,4,0,0,1367,0,0
"159",0.237142857142857,1.1,4,1.42,9,0.63,4,0,323,280,3,0.63
"160",0.5,2.53,3,1.92,3,3.19,5,296,312,312,0,0
"161",-0.0228571428571429,1.65,0,0.83,3,0,0,658,476,508,40,0.55
"162",0.714285714285714,4.87,3,0,0,123.04,101,400,400,400,0,0
"163",-0.00285714285714285,0.3,8,0.75,5,0.9,6,0,0,0,3,0
"164",-0.0257142857142857,2.95,20,0.29,4,0.5,7,389,302,0,78,5.97
"165",-0.22,4.26,7,0.33,1,2.29,7,335,294,365,2,0.98
"166",-0.0114285714285714,0.41,6,0.54,4,0.95,7,41,41,231,42,0.95
"167",-0.00857142857142857,0.28,0,0.18,2,2.78,31,0,0,0,3,0
"168",-0.0371428571428572,0.52,6,0.1,1,0.1,1,403,413,300,3,0.83
"169",0.06,0.63,3,0.31,1,0.31,1,0,14,3,0,0
"170",-0.0942857142857143,5.01,1,0.94,3,3.76,12,0,0,0,4,1.57
"171",0.294285714285714,2.87,16,3.13,12,1.56,6,501,542,0,0,0
"172",0.02,3.34,9,2.23,2,4.46,4,0,0,0,0,0
"173",0.00571428571428572,0.24,0,0.12,1,0.37,3,280,279,281,15,0.24
"174",0.0314285714285714,0,2,0,0,0.39,1,0,20,32,0,0
"175",-0.00285714285714286,0,2,0.19,1,0.77,4,0,0,0,44,4.03
"176",0.185714285714286,8.39,18,1.6,4,2,5,575,614,614,16,0
"177",0.0857142857142857,0,0,0.28,1,0,0,15,32,0,4,1.7
"178",-0.0685714285714286,0,0,0,0,0.73,1,413,414,400,0,0
"179",-0.0057142857142857,0,0,0.59,3,0.2,1,3,5,0,8,2.15
"180",0.0228571428571429,0.24,7,0.36,3,3.46,29,92,101,123,27,8.95
"181",0.791428571428572,19.02,8,14.98,26,4.61,8,1021,1136,1500,12,0
"182",-0.02,0.18,0,0,0,0.18,1,0,0,0,0,3.27
"183",0.431428571428571,3.93,47,3.18,17,1.87,10,236,261,265,0,0
"184",0.702857142857143,13.93,48,21.97,71,20.12,65,221,234,165,18,0
"185",-0.0457142857142857,1.95,2,0,0,0,0,233,211,206,1,4.37
"186",-0.0228571428571429,0.24,0,0.72,3,0,0,0,0,0,2,0.24
"187",0.0171428571428571,4.01,32,2.41,27,1.43,16,298,283,286,2,17.2
"188",0.0571428571428571,0.7,3,0,0,0,0,254,246,335,0,0
"189",-0.0371428571428572,0.24,1,0.47,2,1.89,8,625,642,642,2,0
"190",-0.00285714285714286,0,0,0,0,0,0,0,0,0,5,1.92
"191",0.0257142857142857,0,0,0.69,2,0.34,1,292,0,367,0,0
"192",-0.00571428571428571,1.82,5,0.26,1,0.52,2,99,196,158,0,0
"193",0.431428571428571,0.87,0,0,0,1.73,2,142,77,48,1,0.86
"194",-0.0114285714285714,0,0,0.17,1,0.17,1,0,0,0,3,0
"195",0.0142857142857143,0.12,1,0,0,0.12,1,0,0,0,0,0.24
"196",0.0142857142857143,0,1,0,0,0,0,26,49,63,94,6.39
"197",-0.102857142857143,1.46,3,0.36,1,1.08,3,0,0,0,288,0
"198",0.0685714285714286,0.56,12,1.15,14,0.25,3,665,652,652,4,1.72
"199",0.0514285714285714,5.34,8,0.85,4,0.21,1,813,464,715,63,2.78
"200",0.0971428571428571,4.99,23,3.78,25,3.48,23,453,671,0,1,0
"201",-0.0457142857142857,0.23,9,0.46,6,0.23,3,0,0,0,0,0.15
"202",0.0228571428571429,0,2,0,0,0,0,16,0,14,8,0.2
"203",0.0714285714285715,0.28,10,0.7,5,2.5,18,109,101,102,0,0.56
"204",0.0457142857142857,0.1,1,0.31,3,0.84,8,0,192,0,67,2.62
"205",0.0142857142857143,0.73,2,0,0,0,0,546,475,408,1,0
"206",0.0371428571428572,0.18,1,0,0,0.7,4,0,0,0,5,0.35
"207",-0.0314285714285714,0,0,0,0,0.36,1,0,0,0,0,1.43
"208",-0.0314285714285714,0,1,0,0,0.14,1,0,0,0,0,0
"209",-0.00285714285714286,1.71,0,0,0,0,0,0,0,0,4,0
"210",0.0657142857142858,2.11,6,0.7,2,9.49,27,0,209,668,0,0
"211",0.528571428571429,3.82,5,0,0,1.53,2,399,453,453,0,0
"212",0.334285714285714,9.36,0,0.78,1,1.56,2,531,0,531,0,0
"213",0.00857142857142857,1.54,1,0,0,0.31,1,29,178,178,0,0
"214",0.0314285714285714,0,1,0,0,0,0,0,75,75,4,5
"215",0.765714285714286,6.06,54,7.42,48,3.71,24,162,285,285,0,0
"216",0.0285714285714286,0.42,11,0.42,2,0.63,3,810,839,839,194,0
"217",0.0228571428571429,0.71,7,0.12,5,0.2,8,0,0,0,169,3.27
"218",0.122857142857143,0.92,11,0.67,8,1.84,22,791,1055,1055,10,23.16
"219",0,0.36,2,0,0,0.12,1,311,252,73,59,1.81
"220",-0.128571428571429,0.24,0,0.24,1,0.49,2,433,454,557,3,0
"221",0,0,0,0.55,3,0.37,2,37,59,9,0,0
"222",0.0371428571428571,0.2,0,0.3,3,0.1,1,225,183,208,0,0
"223",0,0.32,1,0,0,0,0,219,228,230,5,1.74
"224",0.0228571428571429,0,1,0.31,1,0,0,439,435,489,0,4.62
"225",0.00857142857142857,0.72,0,0.36,1,0,0,0,129,129,0,0.36
"226",0.00857142857142857,0,3,0.11,2,0.16,3,288,325,266,36,0.11
"227",0.211428571428571,0.55,5,0.2,4,0.55,11,0,0,0,35,0.75
"228",0.00857142857142857,0,0,0.39,1,0,0,279,302,281,0,0
"229",0.117142857142857,1.53,3,1.09,5,0.44,2,1080,1069,547,9,1.31
"230",0.265714285714286,1.11,0,2.22,2,1.11,1,0,598,598,0,0
"231",-0.0571428571428572,0,0,0,0,0,0,34,0,90,0,0
"232",0.2,1.9,19,3.41,18,1.52,8,0,320,320,0,0
"233",0.0257142857142857,0.5,1,0,0,0,0,4,4,0,22,0
"234",1.62,0.83,4,9.12,11,0.83,1,554,266,266,0,0
"235",0,0.77,6,0.51,2,0.26,1,143,378,389,0,0
"236",0.0942857142857143,0.24,6,0.73,3,0.24,1,0,0,0,0,0
"237",0.0228571428571429,0.33,1,0.11,1,0,0,0,0,0,13,8.25
"238",0.222857142857143,0.58,1,1.15,2,0.58,1,852,375,332,0,0
"239",-0.554285714285714,0,0,0,0,0,0,744,587,92,0,0
"240",0.0257142857142857,2.07,15,1.42,13,1.09,10,0,1,0,1,0.22
"241",0.105714285714286,1.07,3,2.67,5,2.67,5,481,481,481,0,0
"242",0.0371428571428571,0,0,0,0,0.29,1,0,0,0,10,1.44
"243",0.0114285714285714,0,1,0.69,3,0,0,243,314,319,1,0
"244",0.04,5.57,29,0.32,3,0.63,6,407,0,0,24,0.53
"245",0.185714285714286,1.74,59,1.74,48,1.27,35,0,0,0,1,0
"246",-0.0342857142857143,0.98,1,0.91,15,0.37,6,0,0,0,0,0
"247",-0.777142857142857,0.35,0,0.17,1,0,0,204,532,140,4,3.3
"248",0.557142857142857,3.09,60,5.22,44,2.85,24,4,214,16,0,0
"249",-0.111428571428571,6.82,24,0,0,0.68,1,0,0,0,0,0
"250",-0.0571428571428571,5.89,6,0,0,0.65,2,0,0,87,0,0
"251",0.0285714285714286,5.46,0,0,0,0.91,1,132,202,0,0,0
"252",0.12,1.07,1,0.27,1,1.07,4,119,0,0,0,12.9
"253",0.0257142857142857,1.89,1,1.89,2,0.94,1,103,83,0,1,0
"254",0.0142857142857143,0.13,0,0,0,0,0,0,6,7,31,7.42
"255",0.0628571428571429,0,0,0,0,0,0,53,67,128,0,0
"256",-0.0914285714285714,7.52,32,3.96,10,10.29,26,798,798,798,0,0
"257",-0.00285714285714286,1.25,8,0.83,4,0.83,4,0,0,382,82,3.76
"258",-0.102857142857143,2.56,13,3.83,18,7.88,37,576,569,576,0,0
"259",0.0228571428571429,0.19,0,0.19,1,0,0,0,0,0,2,3.95
"260",0.0514285714285714,0.27,3,0.27,1,1.34,5,622,625,567,0,0
"261",0.405714285714286,15.04,12,7.02,14,34.58,69,871,757,775,0,0
"262",-0.0228571428571429,1.5,3,3.01,2,3.01,2,0,0,0,0,0
"263",0,0,2,0,0,0.67,2,164,164,164,0,0
"264",0.0257142857142857,1.92,41,3.67,25,3.23,22,0,0,0,1,0.15
"265",0.28,0.78,3,0.19,1,5.62,29,15,288,569,0,0
"266",0.12,1.66,2,0,0,2.08,5,212,128,338,0,0
"267",0.0142857142857143,0.14,0,0.14,1,0,0,0,0,0,1,0.55
"268",0.0342857142857143,0,8,1.23,5,0.25,1,439,537,551,0,0.74
"269",0.0971428571428571,0.51,2,1.8,7,0.51,2,39,0,4,1,0
"270",-0.0457142857142857,0,0,0.48,1,0.48,1,481,401,528,0,0
"271",-0.0257142857142857,3.4,7,0.62,4,0.31,2,0,0,0,0,0
"272",-0.128571428571429,0,4,0.63,2,1.25,4,0,0,109,4,0
"273",0.197142857142857,7.48,9,4.57,11,4.57,11,490,215,397,1,53.11
"274",0.197142857142857,1.16,9,2.78,12,5.33,23,1051,1167,1245,0,0
"275",0.0514285714285714,0,1,0.78,3,0.52,2,227,188,189,0,0.26
"276",0.202857142857143,1.67,13,0.7,5,0.56,4,143,153,143,0,0
"277",0.302857142857143,1.14,0,0.76,2,1.89,5,376,308,255,8,1.52
"278",0.0428571428571429,0.92,2,0.46,1,0.46,1,0,0,0,0,0
"279",-0.0171428571428571,0.5,0,0,0,0,0,0,0,0,0,0
"280",0.0371428571428571,0.53,9,0,0,0.18,1,381,265,257,3,0
"281",0.00857142857142857,0,0,0,0,0.15,2,0,4,9,0,0
"282",0,0.5,2,0.33,2,0.33,2,696,646,714,0,0.33
"283",0.0257142857142857,1.32,1,0,0,0,0,0,0,0,0,0.66
"284",-0.0828571428571429,0.87,18,0.43,1,0.43,1,254,238,296,0,0
"285",-0.0628571428571428,0.55,3,0.55,4,0.27,2,228,253,187,0,0
"286",0.0628571428571428,0.21,9,0,0,0,0,43,42,222,3,0
"287",0.0114285714285714,0,3,0.16,1,0,0,0,0,0,1,3.06
"288",0.445714285714286,2.6,26,2.69,35,3.91,51,17,17,243,37,0
"289",0.00285714285714286,0,0,0,0,0.17,1,0,0,0,1,6.38
"290",-0.00857142857142858,1.94,0,0.16,1,0,0,0,0,166,19,3.72
"291",-0.188571428571429,3.76,36,10.03,40,5.77,23,0,0,0,0,0
"292",0.0828571428571428,0.58,8,0.35,3,0.23,2,366,441,441,0,2.56
"293",0.08,0.93,7,0.93,14,0.13,2,846,0,794,0,3.51
"294",0,0.14,0,0.28,2,0.14,1,0,0,0,2,1.82
"295",-0.105714285714286,7.85,7,7.19,11,1.96,3,1107,1151,1151,0,0
"296",0.422857142857143,11.03,39,12.61,32,5.12,13,443,0,1186,9,88.19
"297",0.905714285714286,22.6,127,17.55,66,31.11,117,4431,4123,4182,641,90.96
"298",-2.47714285714286,18.71,107,23.59,87,17.62,65,277,277,808,0,0
"299",12.6971428571429,63.95,202,57.51,161,71.09,199,426,7,424,459,0
"300",0.00857142857142861,3.43,3,1.53,4,1.14,3,590,562,185,0,4.58
"301",-0.0257142857142857,0.61,4,1.2,8,0,0,0,0,190,0,0.15
"302",0.537142857142857,1.23,16,1.64,12,0.14,1,0,0,0,0,0.14
"303",0.174285714285714,2.15,2,5.01,7,7.15,10,0,0,0,6,0
"304",0.0314285714285714,0,1,0.06,1,0.38,6,0,0,288,2,0.13
"305",-0.0114285714285714,0.67,0,0.34,1,0,0,465,591,594,3,0
"306",0.0542857142857143,2.57,3,1.6,5,2.25,7,0,0,37,1,0.32
"307",0.0171428571428571,0,1,0,0,0,0,165,203,203,4,3.96
"308",-0.02,0,2,0.39,1,0.39,1,154,189,0,0,0
"309",0.0685714285714286,0.15,4,0.29,2,0.44,3,122,163,127,0,0.58
"310",-0.154285714285714,10.54,22,2.34,6,6.64,17,457,505,509,0,0
"311",0.837142857142857,9.1,58,9.15,58,7.57,48,0,0,0,0,0
"312",0.288571428571429,1.54,22,1.94,19,1.43,14,1431,1102,1196,30,1.13
"313",0.00857142857142854,3.76,19,3.47,12,0.87,3,728,725,518,2,0.29
"314",0.871428571428572,12.75,185,16.03,132,12.15,100,863,1297,1010,4,43.5
"315",0.0628571428571429,1.2,8,0.48,2,0.48,2,0,0,0,2,0.96
"316",0,0.21,3,0.07,1,0.07,1,215,263,0,30,0.99
"317",0.402857142857143,3.03,18,3.23,16,1.61,8,279,173,0,94,42.94
"318",0.0657142857142857,1.72,13,0.74,6,2.7,22,0,0,0,1,0
"319",0.214285714285714,1.91,21,1.69,23,1.32,18,510,461,0,4,0
"320",0.0542857142857143,0.74,6,1.49,4,1.86,5,734,720,747,0,0
"321",0.271428571428571,3.45,23,4.02,14,3.44,12,17,22,441,0,0
"322",-1.29142857142857,11.76,64,6.29,46,8.34,61,675,1130,2766,122,0.68
"323",0.551428571428572,3.24,28,2.07,23,2.7,30,1044,1007,1007,0,0
"324",0.00571428571428577,2.13,9,2.13,7,0.61,2,123,151,0,0,0
"325",-3.31742580443438e-17,6.57,13,3.61,17,5.09,24,698,714,1059,8,1.06
"326",0.2,1.86,12,1.15,16,0.72,10,528,120,261,1,0
"327",0.0657142857142857,0.15,3,0.1,2,0.36,7,393,964,883,0,1.17
"328",0.0371428571428571,0.59,7,0.47,4,0.59,5,258,318,306,8,0.94
"329",0.0828571428571429,1.2,7,1.68,7,0.24,1,756,563,576,2,0
"330",-0.0457142857142857,0.61,0,0.5,5,0.4,4,367,281,324,20,0.61
"331",0.00857142857142857,0,4,0.19,2,0,0,74,3,62,1,2.59
"332",0.131428571428571,3.06,15,1.42,13,1.97,18,1130,886,1582,32,5.25
"333",0.0371428571428571,0.56,3,0.09,1,0.28,3,242,135,520,5,1.49
"334",0.0828571428571429,0.16,4,0.16,3,0.05,1,89,135,117,3,0.05
"335",-0.0885714285714286,2.64,33,4.87,24,2.44,12,1436,1036,1233,112,1.42
"336",-0.0714285714285714,0.69,13,1.38,6,0.69,3,0,0,0,18,2.3
"337",0.0457142857142857,7.93,6,1.46,9,0.49,3,823,495,1242,0,0
"338",2.26,57.28,139,42.89,149,30.8,107,1885,1208,1273,359,127.38
"339",0.0457142857142857,0.88,10,3.79,30,3.66,29,69,26,518,5,0.25
"340",0.00857142857142858,2.16,9,1.8,5,0.72,2,208,204,260,19,1.8
"341",0.0257142857142857,1.46,28,2.01,36,1.23,22,267,425,423,0,0
"342",0.297142857142857,6.79,34,2.52,10,0.75,3,515,206,473,34,41.46
"343",-0.0228571428571429,1.36,24,1.55,17,2.91,32,1098,460,627,0,0.18
"344",0.0828571428571429,1.88,2,1.5,4,2.62,7,0,0,731,11,1.5
"345",0.0628571428571429,0,0,0.18,1,0.18,1,0,0,0,0,0
"346",0.151428571428571,3.07,48,2.59,38,2.8,41,1187,2217,1145,115,2.18
"347",0.388571428571429,4.71,68,5.41,54,3.31,33,1714,1378,574,267,0
"348",0.808571428571429,0.51,6,0.51,2,2.29,9,490,371,139,4,2.29
"349",0.211428571428571,1.27,11,3.49,22,1.27,8,402,148,591,1,0
"350",0,0.07,1,0,0,0.02,1,0,0,0,28,0.42
"351",0.202857142857143,1.33,3,5.32,8,23.25,35,42,495,1021,0,139.74
"352",0.294285714285714,0.36,3,0.72,2,0.36,1,0,0,0,3,5.38
"353",0.337142857142857,1.23,19,2.76,18,2,13,642,558,533,11,2.15
"354",-0.0257142857142857,0.75,2,0.3,2,0,0,0,0,0,2,0
"355",0.0657142857142857,0.11,5,0,0,2.77,25,66,60,233,1,0
"356",0.0142857142857143,0,1,0.1,1,0.2,2,12,39,12,1,0.1
"357",0.105714285714286,0.73,7,1.71,7,2.2,9,490,533,551,1,0.98
"358",0.04,0.87,3,0.52,3,0.17,1,7,0,10,1,3.49
"359",0.04,0.07,3,0.29,4,0.15,2,256,146,128,25,1.67
"360",0.0285714285714286,0.27,9,0.6,9,0.27,4,153,179,170,7,0.54
"361",0.0342857142857143,0.36,7,0.36,4,0.09,1,422,385,431,6,0.27
"362",0.0257142857142857,0.54,9,0.7,7,0.6,6,298,311,311,9,1.81
"363",-0.0714285714285715,1.22,21,3.42,9,4.56,12,1,0,0,2,0.38
"364",0.108571428571429,8.23,40,0.96,5,1.15,6,0,0,0,4,0
"365",0.0257142857142857,0.05,6,0.15,3,0.25,5,0,0,4,5,0.05
"366",0.0371428571428572,0.17,2,0.08,1,0.17,2,0,0,3,1,0
"367",-0.0457142857142857,2.83,7,3.3,7,3.78,8,893,893,893,0,0
"368",-0.0228571428571429,0.58,2,0.15,1,0.29,2,308,331,325,11,0.15
"369",0.06,1.18,21,1.3,11,0.95,8,429,363,349,1,0
"370",-0.0142857142857143,0,1,0.18,1,0.18,1,0,0,0,6,0
"371",-0.00285714285714286,0.38,10,0.38,5,0.38,5,373,377,582,2,0.92
"372",0,0.14,0,0.14,1,0,0,0,0,0,31,7.04
"373",0.18,1.33,50,1.24,39,0.89,28,234,22,9,6,0.06
"374",-0.0142857142857143,0.07,2,0.07,2,0.1,3,24,30,14,61,1.58
"375",0.0914285714285714,0,1,0.18,2,0.9,10,337,333,356,3,0.54
"376",0.134285714285714,2.2,7,1.2,6,3.2,16,501,560,559,0,0
"377",0.0228571428571429,0.29,2,0.07,1,0,0,0,0,0,10,1.5
"378",0.0971428571428572,0.31,3,1.24,8,0.31,2,601,526,0,75,11.76
"379",0.00571428571428572,0.3,2,0.08,1,0,0,0,0,0,2,1.06
"380",0,0,0,0,0,0,0,1,1,0,0,0.42
"381",0.0142857142857143,0.11,3,0.08,3,0.16,6,0,138,149,32,1.63
"382",-0.197142857142857,0.21,1,0.21,1,0,0,1,1,12,2,1.67
"383",-0.211428571428571,0.75,2,0.25,1,0.25,1,284,204,269,0,0
"384",0,0.65,3,0.06,2,0.11,4,341,14,14,200,3.3
"385",0.06,0.93,38,0.46,10,0.37,8,708,368,534,119,11.16
"386",0.0571428571428571,0.65,2,0,0,0.22,1,218,268,328,25,1.73
"387",0.0228571428571429,0,5,0.36,1,0.72,2,0,0,0,2,0
"388",0.0142857142857143,0,0,0,0,0.26,1,0,0,0,4,0
"389",0.0171428571428571,0.3,3,0.3,2,0,0,167,192,25,0,0
"390",3.31742580443438e-18,0,0,0,0,0,0,0,0,0,5,4.73
"391",0.0142857142857143,0.25,0,0.16,2,0.16,2,0,0,0,76,2.55
"392",0.0885714285714286,1.32,18,2.88,24,2.04,17,684,728,728,12,8.88
"393",0.02,0.39,8,0.18,2,0.27,3,188,171,175,6,1.62
"394",0.0285714285714286,0.26,4,0.03,1,0.17,5,2,2,2,40,2.45
"395",0.0914285714285714,0.76,10,0.42,5,1.35,16,141,129,139,0,0.17
"396",-0.257142857142857,0.55,2,1.38,10,0.28,2,497,510,98,0,0
"397",0.0228571428571429,0.31,2,0.31,7,0.09,2,56,62,56,0,0
"398",0.0142857142857143,0.06,0,0.06,1,0,0,136,127,146,2,0
"399",-0.0828571428571428,18.03,63,23.17,63,14.71,40,177,178,156,146,0
"400",0,0,0,0,0,1.07,3,0,0,0,0,0
"401",0.0942857142857143,0.72,1,0,0,0.72,2,29,1,62,0,0
"402",0.02,0.2,0,0.1,1,0.2,2,102,124,124,0,0
"403",0.0857142857142857,1.02,21,0.93,10,1.3,14,0,0,358,2,0.28
"404",0,0.12,6,0.26,9,0.03,1,84,4,4,55,1.42
"405",-0.00571428571428571,3.02,5,1.32,7,0.38,2,69,374,578,0,0
"406",0.02,0.35,3,0.82,7,0.23,2,527,122,199,1,0
"407",1.17142857142857,0.33,1,0.98,3,0,0,0,0,0,0,0
"408",0.0228571428571429,0.03,3,0.03,1,0.07,2,61,46,69,5,0.38
"409",0.374285714285714,0.96,17,3.25,17,1.72,9,171,287,429,0,0
"410",0.0171428571428571,0.43,7,1.99,18,0.77,7,0,13,27,1,0
"411",-0.0342857142857143,0.29,1,0,0,0.04,1,0,0,0,3,0.04
"412",0.0314285714285714,0.89,12,1.96,11,1.42,8,1247,1079,603,167,0.53
"413",-0.00285714285714286,0,10,0,0,0.49,2,17,11,56,8,2.21
"414",0.965714285714286,4.03,33,14.82,72,7,34,597,822,564,26,1.03
"415",0.32,1.45,20,1.2,6,6.78,34,676,698,552,1,0.8
"416",0.0542857142857143,0.32,3,0.95,9,1.9,18,0,109,280,9,4.23
